,Fechas,Humedad,Estacion
0,2020-02-28,59.00916666666667,MED-FISC
1,2020-02-29,63.65652173913043,MED-FISC
2,2020-03-01,63.04333333333333,MED-FISC
3,2020-03-02,62.55958333333334,MED-FISC
4,2020-03-03,62.05708333333333,MED-FISC
5,2020-03-04,63.51374999999999,MED-FISC
6,2020-03-05,54.53541666666666,MED-FISC
7,2020-03-06,58.7475,MED-FISC
8,2020-03-07,60.21416666666667,MED-FISC
9,2020-03-08,63.71958333333333,MED-FISC
10,2020-03-09,60.08541666666667,MED-FISC
11,2020-03-10,66.17208333333333,MED-FISC
12,2020-03-11,70.36749999999999,MED-FISC
13,2020-03-12,68.22708333333334,MED-FISC
14,2020-03-13,64.80291666666666,MED-FISC
15,2020-03-14,63.17958333333333,MED-FISC
16,2020-03-15,59.34916666666667,MED-FISC
17,2020-03-16,55.20625,MED-FISC
18,2020-03-17,53.035,MED-FISC
19,2020-03-18,55.095,MED-FISC
20,2020-03-19,58.44791666666666,MED-FISC
21,2020-03-20,67.93916666666667,MED-FISC
22,2020-03-21,66.70291666666667,MED-FISC
23,2020-03-22,60.18083333333333,MED-FISC
24,2020-03-23,60.71125,MED-FISC
25,2020-03-24,61.50458333333333,MED-FISC
26,2020-03-25,58.8475,MED-FISC
27,2020-03-26,59.8225,MED-FISC
28,2020-03-27,55.79208333333333,MED-FISC
29,2020-03-28,58.04791666666667,MED-FISC
30,2020-03-29,64.38875,MED-FISC
31,2020-03-30,68.70083333333334,MED-FISC
32,2020-03-31,67.57434782608696,MED-FISC
33,2020-04-01,71.43374999999999,MED-FISC
34,2020-04-02,61.97666666666667,MED-FISC
35,2020-04-03,61.5625,MED-FISC
36,2020-04-04,64.42291666666667,MED-FISC
37,2020-04-05,66.76708333333333,MED-FISC
38,2020-04-06,63.3125,MED-FISC
39,2020-04-07,56.88166666666667,MED-FISC
40,2020-04-08,59.31086956521739,MED-FISC
41,2020-04-09,66.31125,MED-FISC
42,2020-04-10,65.58541666666666,MED-FISC
43,2020-04-11,69.02208333333333,MED-FISC
44,2020-04-12,66.86083333333333,MED-FISC
45,2020-04-13,71.04458333333334,MED-FISC
46,2020-04-14,69.01541666666667,MED-FISC
47,2020-04-15,66.06583333333333,MED-FISC
48,2020-04-16,62.60125,MED-FISC
49,2020-04-17,62.08708333333333,MED-FISC
50,2020-04-18,68.24833333333333,MED-FISC
51,2020-04-19,70.57958333333333,MED-FISC
52,2020-04-20,64.95,MED-FISC
53,2020-04-21,69.47791666666667,MED-FISC
54,2020-04-22,68.42999999999999,MED-FISC
55,2020-04-23,68.22208333333333,MED-FISC
56,2020-04-24,68.62791666666666,MED-FISC
57,2020-04-25,63.69708333333333,MED-FISC
58,2020-04-26,57.1875,MED-FISC
59,2020-04-27,60.53208333333333,MED-FISC
60,2020-04-28,62.3525,MED-FISC
61,2020-04-29,66.08791666666667,MED-FISC
62,2020-04-30,67.52782608695652,MED-FISC
63,2020-05-01,67.51416666666667,MED-FISC
64,2020-05-02,63.11583333333333,MED-FISC
65,2020-05-03,64.94708333333334,MED-FISC
66,2020-05-04,60.9725,MED-FISC
67,2020-05-05,60.6,MED-FISC
68,2020-05-06,60.29416666666666,MED-FISC
69,2020-05-07,60.98625000000001,MED-FISC
70,2020-05-08,58.13208333333333,MED-FISC
71,2020-05-09,53.11791666666667,MED-FISC
72,2020-05-10,57.6575,MED-FISC
73,2020-05-11,64.35833333333333,MED-FISC
74,2020-05-12,61.655,MED-FISC
75,2020-05-13,65.53333333333333,MED-FISC
76,2020-05-14,62.44875,MED-FISC
77,2020-05-15,63.97875,MED-FISC
78,2020-05-16,61.75416666666666,MED-FISC
79,2020-05-17,64.15708333333333,MED-FISC
80,2020-05-18,55.75708333333333,MED-FISC
81,2020-05-19,74.30208333333333,MED-FISC
82,2020-05-20,61.19083333333333,MED-FISC
83,2020-05-21,57.24625,MED-FISC
84,2020-05-22,65.10791666666667,MED-FISC
85,2020-05-23,59.35958333333333,MED-FISC
86,2020-05-24,57.365,MED-FISC
87,2020-05-25,56.94625,MED-FISC
88,2020-05-26,55.92958333333333,MED-FISC
89,2020-05-27,71.82125,MED-FISC
90,2020-05-28,76.14416666666666,MED-FISC
91,2020-05-29,73.44500000000001,MED-FISC
92,2020-05-30,78.94666666666667,MED-FISC
93,2020-05-31,74.02434782608695,MED-FISC
94,2020-06-01,70.19125,MED-FISC
95,2020-06-02,68.35666666666667,MED-FISC
96,2020-06-03,79.28166666666667,MED-FISC
97,2020-06-04,61.09875,MED-FISC
98,2020-06-05,63.08416666666667,MED-FISC
99,2020-06-06,68.4575,MED-FISC
100,2020-06-07,57.26791666666667,MED-FISC
101,2020-06-08,60.69541666666667,MED-FISC
102,2020-06-09,67.39791666666666,MED-FISC
103,2020-06-10,73.24166666666666,MED-FISC
104,2020-06-11,67.82375,MED-FISC
105,2020-06-12,72.91208333333333,MED-FISC
106,2020-06-13,65.03041666666667,MED-FISC
107,2020-06-14,63.88,MED-FISC
108,2020-06-15,73.02041666666666,MED-FISC
109,2020-06-16,63.16375,MED-FISC
110,2020-06-17,73.99333333333333,MED-FISC
111,2020-06-18,72.55666666666667,MED-FISC
112,2020-06-19,64.70375,MED-FISC
113,2020-06-20,68.79041666666667,MED-FISC
114,2020-06-21,61.15958333333333,MED-FISC
115,2020-06-22,64.28708333333334,MED-FISC
116,2020-06-23,59.27791666666667,MED-FISC
117,2020-06-24,60.36041666666667,MED-FISC
118,2020-06-25,57.91958333333333,MED-FISC
119,2020-06-26,67.97291666666666,MED-FISC
120,2020-06-27,68.22666666666667,MED-FISC
121,2020-06-28,72.31708333333333,MED-FISC
122,2020-06-29,64.21833333333333,MED-FISC
123,2020-06-30,64.49565217391304,MED-FISC
124,2020-07-01,69.3925,MED-FISC
125,2020-07-02,68.67541666666666,MED-FISC
126,2020-07-03,66.43583333333333,MED-FISC
127,2020-07-04,72.79458333333334,MED-FISC
128,2020-07-05,72.94791666666667,MED-FISC
129,2020-07-06,67.72083333333333,MED-FISC
130,2020-07-07,70.62791666666666,MED-FISC
131,2020-07-08,72.15761904761905,MED-FISC
132,2020-07-09,66.18083333333333,MED-FISC
133,2020-07-10,64.96333333333332,MED-FISC
134,2020-07-11,72.635,MED-FISC
135,2020-07-12,72.63916666666667,MED-FISC
136,2020-07-13,63.33291666666667,MED-FISC
137,2020-07-14,62.085,MED-FISC
138,2020-07-15,63.48249999999999,MED-FISC
139,2020-07-16,60.33125,MED-FISC
140,2020-07-17,56.00416666666666,MED-FISC
141,2020-07-18,54.51958333333334,MED-FISC
142,2020-07-19,56.58125,MED-FISC
143,2020-07-20,61.40041666666666,MED-FISC
144,2020-07-21,65.63916666666667,MED-FISC
145,2020-07-22,69.57333333333334,MED-FISC
146,2020-07-23,76.72208333333333,MED-FISC
147,2020-07-24,75.665,MED-FISC
148,2020-07-25,74.44333333333334,MED-FISC
149,2020-07-26,66.06875000000001,MED-FISC
150,2020-07-27,65.61375,MED-FISC
151,2020-07-28,64.645,MED-FISC
152,2020-07-29,59.89916666666667,MED-FISC
153,2020-07-30,67.33958333333334,MED-FISC
154,2020-07-31,62.13434782608695,MED-FISC
155,2020-08-01,54.49541666666666,MED-FISC
156,2020-08-02,44.15166666666667,MED-FISC
157,2020-08-03,48.89208333333334,MED-FISC
158,2020-08-04,48.9775,MED-FISC
159,2020-08-05,55.10375,MED-FISC
160,2020-08-06,57.85541666666666,MED-FISC
161,2020-08-07,56.72083333333333,MED-FISC
162,2020-08-08,51.36791666666667,MED-FISC
163,2020-08-09,50.69041666666666,MED-FISC
164,2020-08-10,54.75583333333333,MED-FISC
165,2020-08-11,62.56541666666666,MED-FISC
166,2020-08-12,63.96791666666667,MED-FISC
167,2020-08-13,67.965,MED-FISC
168,2020-08-14,70.11874999999999,MED-FISC
169,2020-08-15,67.64625,MED-FISC
170,2020-08-16,70.43124999999999,MED-FISC
171,2020-08-17,70.83375,MED-FISC
172,2020-08-18,65.51083333333334,MED-FISC
173,2020-08-19,70.53500000000001,MED-FISC
174,2020-08-20,68.07416666666667,MED-FISC
175,2020-08-21,66.44,MED-FISC
176,2020-08-22,70.64083333333333,MED-FISC
177,2020-08-23,68.5025,MED-FISC
178,2020-08-24,69.79083333333334,MED-FISC
179,2020-08-25,70.11208333333333,MED-FISC
180,2020-08-26,72.22791666666667,MED-FISC
181,2020-08-27,70.27374999999999,MED-FISC
182,2020-08-28,64.98166666666667,MED-FISC
183,2020-08-29,61.80083333333334,MED-FISC
184,2020-08-30,65.79875,MED-FISC
185,2020-08-31,68.56260869565217,MED-FISC
186,2020-09-01,70.2925,MED-FISC
187,2020-09-02,71.22666666666667,MED-FISC
188,2020-09-03,72.63916666666667,MED-FISC
189,2020-09-04,69.03833333333334,MED-FISC
190,2020-09-05,61.4025,MED-FISC
191,2020-09-06,64.36291666666666,MED-FISC
192,2020-09-07,69.10958333333333,MED-FISC
193,2020-09-08,73.04041666666667,MED-FISC
194,2020-09-09,64.48333333333333,MED-FISC
195,2020-09-10,65.43791666666667,MED-FISC
196,2020-09-11,64.10375,MED-FISC
197,2020-09-12,70.25125,MED-FISC
198,2020-09-13,62.79749999999999,MED-FISC
199,2020-09-14,58.17333333333332,MED-FISC
200,2020-09-15,65.77666666666667,MED-FISC
201,2020-09-16,71.61375,MED-FISC
202,2020-09-17,68.70565217391304,MED-FISC
203,2020-09-18,73.07916666666667,MED-FISC
204,2020-09-19,71.62375,MED-FISC
205,2020-09-20,75.22583333333334,MED-FISC
206,2020-09-21,70.47166666666666,MED-FISC
207,2020-09-22,62.27083333333334,MED-FISC
208,2020-09-23,64.62083333333334,MED-FISC
209,2020-09-24,60.20124999999999,MED-FISC
210,2020-09-25,59.43166666666667,MED-FISC
211,2020-09-26,67.33749999999999,MED-FISC
212,2020-09-27,64.25041666666667,MED-FISC
213,2020-09-28,61.13291666666667,MED-FISC
214,2020-09-29,69.81916666666667,MED-FISC
215,2020-09-30,67.18652173913043,MED-FISC
216,2020-10-01,62.06458333333333,MED-FISC
217,2020-10-02,68.80708333333332,MED-FISC
218,2020-10-03,70.84166666666667,MED-FISC
219,2020-10-04,73.04791666666667,MED-FISC
220,2020-10-05,71.99416666666667,MED-FISC
221,2020-10-06,66.90708333333333,MED-FISC
222,2020-10-07,63.95916666666667,MED-FISC
223,2020-10-08,63.24541666666666,MED-FISC
224,2020-10-09,60.72416666666667,MED-FISC
225,2020-10-10,58.04666666666667,MED-FISC
226,2020-10-11,55.48625000000001,MED-FISC
227,2020-10-12,63.26833333333334,MED-FISC
228,2020-10-13,72.30583333333333,MED-FISC
229,2020-10-14,65.65375,MED-FISC
230,2020-10-24,73.93916666666667,MED-FISC
231,2020-10-25,72.02416666666666,MED-FISC
232,2020-10-26,67.07541666666667,MED-FISC
233,2020-10-27,68.22291666666666,MED-FISC
234,2020-10-28,67.25708333333334,MED-FISC
235,2020-10-29,73.28458333333333,MED-FISC
236,2020-10-30,71.47666666666667,MED-FISC
237,2020-10-31,72.80695652173912,MED-FISC
238,2020-11-01,69.86208333333333,MED-FISC
239,2020-11-02,64.31291666666667,MED-FISC
240,2020-11-03,67.04083333333334,MED-FISC
241,2020-11-04,68.92416666666666,MED-FISC
242,2020-11-05,68.80416666666666,MED-FISC
243,2020-11-06,73.34583333333333,MED-FISC
244,2020-11-07,66.09208333333333,MED-FISC
245,2020-11-08,72.34916666666668,MED-FISC
246,2020-11-09,72.36999999999999,MED-FISC
247,2020-11-10,69.85625,MED-FISC
248,2020-11-11,76.78875000000001,MED-FISC
249,2020-11-12,72.99374999999999,MED-FISC
250,2020-11-13,72.12875,MED-FISC
251,2020-11-14,68.01833333333333,MED-FISC
252,2020-11-15,68.6025,MED-FISC
253,2020-11-16,70.61791666666666,MED-FISC
254,2020-11-17,77.62458333333333,MED-FISC
255,2020-11-18,71.565,MED-FISC
256,2020-11-19,67.45333333333333,MED-FISC
257,2020-11-20,71.21541666666667,MED-FISC
258,2020-11-21,68.27374999999999,MED-FISC
259,2020-11-22,67.78750000000001,MED-FISC
260,2020-11-23,66.45333333333333,MED-FISC
261,2020-11-24,66.87166666666667,MED-FISC
262,2020-11-25,66.3775,MED-FISC
263,2020-11-26,67.59625,MED-FISC
264,2020-11-27,69.0475,MED-FISC
265,2020-11-28,73.80958333333334,MED-FISC
266,2020-11-29,66.81666666666666,MED-FISC
267,2020-11-30,73.01652173913044,MED-FISC
268,2020-12-01,68.17916666666666,MED-FISC
269,2020-12-02,73.74041666666666,MED-FISC
270,2020-12-03,69.48791666666666,MED-FISC
271,2020-12-04,67.10958333333333,MED-FISC
272,2020-12-05,65.69291666666668,MED-FISC
273,2020-12-06,65.77,MED-FISC
274,2020-12-07,68.35833333333333,MED-FISC
275,2020-12-08,67.21416666666667,MED-FISC
276,2020-12-09,70.91458333333334,MED-FISC
277,2020-12-10,64.335,MED-FISC
278,2020-12-11,64.59583333333333,MED-FISC
279,2020-12-12,69.02416666666666,MED-FISC
280,2020-12-13,63.97708333333333,MED-FISC
281,2020-12-14,64.265,MED-FISC
282,2020-01-01,68.39999999999999,ITA-CJUS
283,2020-01-02,60.7090909090909,ITA-CJUS
284,2020-01-03,59.99583333333334,ITA-CJUS
285,2020-01-04,58.22083333333333,ITA-CJUS
286,2020-01-05,57.17083333333333,ITA-CJUS
287,2020-01-06,56.27916666666667,ITA-CJUS
288,2020-01-07,54.50833333333333,ITA-CJUS
289,2020-01-08,53.26666666666667,ITA-CJUS
290,2020-01-09,52.7875,ITA-CJUS
291,2020-01-10,50.37083333333334,ITA-CJUS
292,2020-01-11,46.89166666666667,ITA-CJUS
293,2020-01-12,49.26666666666667,ITA-CJUS
294,2020-01-13,53.02083333333334,ITA-CJUS
295,2020-01-14,52.66666666666666,ITA-CJUS
296,2020-01-15,59.69583333333333,ITA-CJUS
297,2020-01-16,50.40416666666667,ITA-CJUS
298,2020-01-17,48.525,ITA-CJUS
299,2020-01-18,44.99166666666667,ITA-CJUS
300,2020-01-19,49.64583333333334,ITA-CJUS
301,2020-01-20,62.95833333333334,ITA-CJUS
302,2020-02-05,47.625,ITA-CJUS
303,2020-02-06,46.425,ITA-CJUS
304,2020-02-07,57.99583333333334,ITA-CJUS
305,2020-02-08,55.52916666666667,ITA-CJUS
306,2020-02-09,53.75416666666666,ITA-CJUS
307,2020-02-10,53.60833333333333,ITA-CJUS
308,2020-02-11,46.575,ITA-CJUS
309,2020-02-12,49.00833333333333,ITA-CJUS
310,2020-02-13,53.88333333333333,ITA-CJUS
311,2020-02-14,58.59583333333333,ITA-CJUS
312,2020-02-15,57.75833333333333,ITA-CJUS
313,2020-02-16,53.35,ITA-CJUS
314,2020-02-17,52.02916666666667,ITA-CJUS
315,2020-02-18,42.3625,ITA-CJUS
316,2020-02-19,46.4125,ITA-CJUS
317,2020-02-20,58.92083333333333,ITA-CJUS
318,2020-02-21,65.48333333333333,ITA-CJUS
319,2020-02-22,71.18333333333332,ITA-CJUS
320,2020-02-23,64.14999999999999,ITA-CJUS
321,2020-02-24,63.3,ITA-CJUS
322,2020-02-25,65.05833333333332,ITA-CJUS
323,2020-02-26,59.7125,ITA-CJUS
324,2020-02-27,59.22083333333333,ITA-CJUS
325,2020-02-28,56.22916666666666,ITA-CJUS
326,2020-02-29,59.4304347826087,ITA-CJUS
327,2020-03-01,59.05,ITA-CJUS
328,2020-03-02,57.57916666666667,ITA-CJUS
329,2020-03-03,57.47083333333333,ITA-CJUS
330,2020-03-04,58.73333333333333,ITA-CJUS
331,2020-03-05,49.80833333333334,ITA-CJUS
332,2020-03-06,54.825,ITA-CJUS
333,2020-03-07,61.8,ITA-CJUS
334,2020-03-08,60.47916666666666,ITA-CJUS
335,2020-03-09,58.77916666666667,ITA-CJUS
336,2020-03-10,66.84583333333333,ITA-CJUS
337,2020-03-11,67.7625,ITA-CJUS
338,2020-03-12,65.44583333333334,ITA-CJUS
339,2020-03-13,65.77083333333333,ITA-CJUS
340,2020-03-14,61.68333333333334,ITA-CJUS
341,2020-03-15,57.3875,ITA-CJUS
342,2020-03-16,53.50416666666666,ITA-CJUS
343,2020-03-17,52.80416666666667,ITA-CJUS
344,2020-03-18,50.7625,ITA-CJUS
345,2020-03-19,54.87083333333334,ITA-CJUS
346,2020-03-20,63.55,ITA-CJUS
347,2020-03-21,62.27916666666667,ITA-CJUS
348,2020-03-22,53.75416666666666,ITA-CJUS
349,2020-03-23,53.62083333333334,ITA-CJUS
350,2020-03-24,59.23333333333333,ITA-CJUS
351,2020-03-25,55.44166666666666,ITA-CJUS
352,2020-03-26,57.0875,ITA-CJUS
353,2020-03-27,54.77083333333334,ITA-CJUS
354,2020-03-28,54.63333333333333,ITA-CJUS
355,2020-03-29,63.80833333333334,ITA-CJUS
356,2020-03-30,67.33333333333333,ITA-CJUS
357,2020-03-31,66.0304347826087,ITA-CJUS
358,2020-04-01,69.88333333333334,ITA-CJUS
359,2020-04-02,59.44347826086957,ITA-CJUS
360,2020-04-03,56.5375,ITA-CJUS
361,2020-04-04,58.54583333333333,ITA-CJUS
362,2020-04-05,60.09166666666667,ITA-CJUS
363,2020-04-06,58.6625,ITA-CJUS
364,2020-04-07,52.0125,ITA-CJUS
365,2020-04-08,56.05,ITA-CJUS
366,2020-04-09,63.13333333333333,ITA-CJUS
367,2020-04-10,65.60000000000001,ITA-CJUS
368,2020-04-11,67.28750000000001,ITA-CJUS
369,2020-04-12,63.69583333333333,ITA-CJUS
370,2020-04-13,67.3125,ITA-CJUS
371,2020-04-14,66.87916666666666,ITA-CJUS
372,2020-04-15,68.07083333333334,ITA-CJUS
373,2020-04-16,60.2875,ITA-CJUS
374,2020-04-17,64.45833333333333,ITA-CJUS
375,2020-04-18,71.0125,ITA-CJUS
376,2020-04-19,68.67083333333333,ITA-CJUS
377,2020-04-20,63.3,ITA-CJUS
378,2020-04-21,67.05,ITA-CJUS
379,2020-04-22,66.40833333333333,ITA-CJUS
380,2020-04-23,68.76666666666667,ITA-CJUS
381,2020-04-24,65.32916666666667,ITA-CJUS
382,2020-04-25,61.09166666666667,ITA-CJUS
383,2020-04-26,60.05416666666667,ITA-CJUS
384,2020-04-27,57.9875,ITA-CJUS
385,2020-04-28,59.0875,ITA-CJUS
386,2020-04-29,61.90416666666667,ITA-CJUS
387,2020-04-30,65.69565217391305,ITA-CJUS
388,2020-05-01,66.43333333333334,ITA-CJUS
389,2020-05-02,58.91666666666666,ITA-CJUS
390,2020-05-03,61.0,ITA-CJUS
391,2020-05-04,56.54166666666666,ITA-CJUS
392,2020-05-05,57.30416666666667,ITA-CJUS
393,2020-05-06,56.40833333333333,ITA-CJUS
394,2020-05-07,56.275,ITA-CJUS
395,2020-05-08,54.26666666666667,ITA-CJUS
396,2020-05-09,49.45,ITA-CJUS
397,2020-05-10,53.42083333333333,ITA-CJUS
398,2020-05-11,59.52916666666667,ITA-CJUS
399,2020-05-12,58.125,ITA-CJUS
400,2020-05-13,63.57916666666667,ITA-CJUS
401,2020-05-14,61.21666666666667,ITA-CJUS
402,2020-05-15,62.85416666666666,ITA-CJUS
403,2020-05-16,59.775,ITA-CJUS
404,2020-05-17,56.225,ITA-CJUS
405,2020-05-18,58.66666666666666,ITA-CJUS
406,2020-05-19,72.75416666666666,ITA-CJUS
407,2020-05-20,58.09583333333333,ITA-CJUS
408,2020-05-21,53.4,ITA-CJUS
409,2020-05-22,67.69583333333334,ITA-CJUS
410,2020-05-23,58.41666666666666,ITA-CJUS
411,2020-05-24,56.19166666666666,ITA-CJUS
412,2020-05-25,55.3875,ITA-CJUS
413,2020-05-26,52.52083333333334,ITA-CJUS
414,2020-05-27,65.99166666666666,ITA-CJUS
415,2020-05-28,72.375,ITA-CJUS
416,2020-05-29,72.78333333333333,ITA-CJUS
417,2020-05-30,78.22083333333333,ITA-CJUS
418,2020-06-09,63.11666666666667,ITA-CJUS
419,2020-06-10,68.69583333333334,ITA-CJUS
420,2020-06-11,66.85833333333333,ITA-CJUS
421,2020-06-12,71.8125,ITA-CJUS
422,2020-06-13,60.3875,ITA-CJUS
423,2020-06-14,59.60833333333333,ITA-CJUS
424,2020-06-15,73.86666666666666,ITA-CJUS
425,2020-06-16,63.225,ITA-CJUS
426,2020-06-17,72.12916666666666,ITA-CJUS
427,2020-06-18,69.87916666666666,ITA-CJUS
428,2020-06-19,66.30833333333334,ITA-CJUS
429,2020-06-20,65.73333333333333,ITA-CJUS
430,2020-06-21,57.85,ITA-CJUS
431,2020-06-22,59.4875,ITA-CJUS
432,2020-06-23,53.9,ITA-CJUS
433,2020-06-24,52.24166666666667,ITA-CJUS
434,2020-06-25,56.48333333333333,ITA-CJUS
435,2020-06-26,65.10833333333333,ITA-CJUS
436,2020-06-27,64.80416666666666,ITA-CJUS
437,2020-06-28,69.71249999999999,ITA-CJUS
438,2020-06-29,65.60833333333333,ITA-CJUS
439,2020-06-30,65.30869565217391,ITA-CJUS
440,2020-07-01,66.65833333333333,ITA-CJUS
441,2020-07-02,67.15416666666667,ITA-CJUS
442,2020-07-03,63.3125,ITA-CJUS
443,2020-07-04,70.15833333333333,ITA-CJUS
444,2020-07-05,70.38333333333334,ITA-CJUS
445,2020-07-06,66.72500000000001,ITA-CJUS
446,2020-07-07,66.97916666666667,ITA-CJUS
447,2020-07-08,68.825,ITA-CJUS
448,2020-07-09,61.49166666666667,ITA-CJUS
449,2020-07-10,64.06666666666666,ITA-CJUS
450,2020-07-11,70.8625,ITA-CJUS
451,2020-07-12,70.49166666666666,ITA-CJUS
452,2020-07-13,60.25,ITA-CJUS
453,2020-07-14,58.40416666666667,ITA-CJUS
454,2020-07-15,59.675,ITA-CJUS
455,2020-07-16,62.69583333333333,ITA-CJUS
456,2020-07-17,54.99166666666667,ITA-CJUS
457,2020-07-18,52.14166666666667,ITA-CJUS
458,2020-07-19,52.15,ITA-CJUS
459,2020-07-20,58.07083333333333,ITA-CJUS
460,2020-07-21,61.37083333333334,ITA-CJUS
461,2020-07-22,65.7625,ITA-CJUS
462,2020-07-23,74.58749999999999,ITA-CJUS
463,2020-07-27,65.425,ITA-CJUS
464,2020-07-28,60.2875,ITA-CJUS
465,2020-07-29,57.85416666666666,ITA-CJUS
466,2020-07-30,68.05,ITA-CJUS
467,2020-08-01,51.87916666666666,ITA-CJUS
468,2020-08-02,43.18333333333334,ITA-CJUS
469,2020-08-03,51.40416666666667,ITA-CJUS
470,2020-08-04,45.44583333333333,ITA-CJUS
471,2020-08-05,53.34583333333333,ITA-CJUS
472,2020-08-06,54.78333333333333,ITA-CJUS
473,2020-08-07,52.55833333333334,ITA-CJUS
474,2020-08-08,48.3125,ITA-CJUS
475,2020-08-09,47.64166666666667,ITA-CJUS
476,2020-08-10,49.425,ITA-CJUS
477,2020-08-13,67.88333333333334,ITA-CJUS
478,2020-08-14,73.39583333333333,ITA-CJUS
479,2020-08-15,65.35833333333333,ITA-CJUS
480,2020-08-16,66.3875,ITA-CJUS
481,2020-08-17,68.27499999999999,ITA-CJUS
482,2020-08-18,64.575,ITA-CJUS
483,2020-08-19,68.75,ITA-CJUS
484,2020-08-20,64.325,ITA-CJUS
485,2020-08-21,67.25833333333334,ITA-CJUS
486,2020-08-22,65.87916666666666,ITA-CJUS
487,2020-08-23,64.575,ITA-CJUS
488,2020-08-24,64.46249999999999,ITA-CJUS
489,2020-08-25,67.1375,ITA-CJUS
490,2020-08-26,68.25,ITA-CJUS
491,2020-08-29,61.8,ITA-CJUS
492,2020-08-30,63.11666666666667,ITA-CJUS
493,2020-08-31,62.09130434782608,ITA-CJUS
494,2020-09-01,66.65416666666667,ITA-CJUS
495,2020-09-02,67.45833333333333,ITA-CJUS
496,2020-09-03,68.625,ITA-CJUS
497,2020-09-04,66.13333333333334,ITA-CJUS
498,2020-09-05,57.6125,ITA-CJUS
499,2020-09-06,60.57916666666667,ITA-CJUS
500,2020-09-07,67.72500000000001,ITA-CJUS
501,2020-09-08,69.97916666666667,ITA-CJUS
502,2020-09-09,63.29583333333333,ITA-CJUS
503,2020-09-10,63.03333333333333,ITA-CJUS
504,2020-09-11,67.02499999999999,ITA-CJUS
505,2020-09-12,66.37083333333334,ITA-CJUS
506,2020-09-13,58.84166666666667,ITA-CJUS
507,2020-09-14,53.6625,ITA-CJUS
508,2020-09-15,62.35833333333333,ITA-CJUS
509,2020-09-16,69.61666666666666,ITA-CJUS
510,2020-09-17,67.01666666666667,ITA-CJUS
511,2020-09-18,71.1375,ITA-CJUS
512,2020-09-19,69.26666666666667,ITA-CJUS
513,2020-09-20,72.97500000000001,ITA-CJUS
514,2020-09-21,73.12916666666666,ITA-CJUS
515,2020-09-22,59.425,ITA-CJUS
516,2020-09-23,64.93333333333334,ITA-CJUS
517,2020-09-24,57.18333333333334,ITA-CJUS
518,2020-09-25,57.50416666666666,ITA-CJUS
519,2020-09-26,64.00833333333334,ITA-CJUS
520,2020-09-27,63.95833333333334,ITA-CJUS
521,2020-09-28,58.69583333333333,ITA-CJUS
522,2020-09-29,67.88333333333334,ITA-CJUS
523,2020-09-30,67.5391304347826,ITA-CJUS
524,2020-10-01,61.6125,ITA-CJUS
525,2020-10-02,70.35833333333333,ITA-CJUS
526,2020-10-03,72.19583333333334,ITA-CJUS
527,2020-10-04,73.11666666666666,ITA-CJUS
528,2020-10-05,70.29583333333333,ITA-CJUS
529,2020-10-06,66.6125,ITA-CJUS
530,2020-10-07,62.10833333333333,ITA-CJUS
531,2020-10-08,61.0875,ITA-CJUS
532,2020-10-09,60.02083333333334,ITA-CJUS
533,2020-10-10,53.8875,ITA-CJUS
534,2020-10-11,55.61666666666667,ITA-CJUS
535,2020-10-12,61.375,ITA-CJUS
536,2020-10-13,71.49166666666666,ITA-CJUS
537,2020-10-14,63.90416666666667,ITA-CJUS
538,2020-10-15,62.6875,ITA-CJUS
539,2020-10-16,59.48333333333333,ITA-CJUS
540,2020-10-17,61.45416666666667,ITA-CJUS
541,2020-10-18,66.16666666666667,ITA-CJUS
542,2020-10-19,70.17916666666666,ITA-CJUS
543,2020-10-20,63.58333333333334,ITA-CJUS
544,2020-10-21,65.30416666666666,ITA-CJUS
545,2020-10-22,64.11666666666666,ITA-CJUS
546,2020-10-23,62.77916666666667,ITA-CJUS
547,2020-10-24,73.42083333333333,ITA-CJUS
548,2020-10-25,67.72083333333333,ITA-CJUS
549,2020-10-26,64.72916666666667,ITA-CJUS
550,2020-10-27,65.825,ITA-CJUS
551,2020-10-28,63.98333333333333,ITA-CJUS
552,2020-10-29,70.17916666666666,ITA-CJUS
553,2020-10-30,69.8625,ITA-CJUS
554,2020-10-31,71.4,ITA-CJUS
555,2020-11-01,67.06666666666666,ITA-CJUS
556,2020-11-02,59.17916666666667,ITA-CJUS
557,2020-11-03,65.425,ITA-CJUS
558,2020-11-04,69.12083333333332,ITA-CJUS
559,2020-11-05,66.02083333333333,ITA-CJUS
560,2020-11-06,66.39166666666667,ITA-CJUS
561,2020-11-07,62.6875,ITA-CJUS
562,2020-11-08,69.06666666666666,ITA-CJUS
563,2020-11-09,70.26666666666667,ITA-CJUS
564,2020-11-10,69.0,ITA-CJUS
565,2020-11-11,75.24583333333334,ITA-CJUS
566,2020-11-12,72.7625,ITA-CJUS
567,2020-11-13,70.925,ITA-CJUS
568,2020-11-14,67.39583333333333,ITA-CJUS
569,2020-11-15,64.10416666666667,ITA-CJUS
570,2020-11-16,70.45416666666667,ITA-CJUS
571,2020-11-17,73.70833333333333,ITA-CJUS
572,2020-11-18,69.39583333333333,ITA-CJUS
573,2020-11-19,64.54583333333333,ITA-CJUS
574,2020-11-20,70.78750000000001,ITA-CJUS
575,2020-11-21,65.675,ITA-CJUS
576,2020-11-22,67.14166666666667,ITA-CJUS
577,2020-11-23,63.29166666666666,ITA-CJUS
578,2020-11-24,66.5,ITA-CJUS
579,2020-11-25,63.0625,ITA-CJUS
580,2020-11-26,66.2375,ITA-CJUS
581,2020-11-27,68.60416666666667,ITA-CJUS
582,2020-11-28,72.74166666666666,ITA-CJUS
583,2020-11-29,67.06666666666666,ITA-CJUS
584,2020-11-30,69.71739130434783,ITA-CJUS
585,2020-12-01,69.00833333333334,ITA-CJUS
586,2020-12-02,71.69166666666666,ITA-CJUS
587,2020-12-03,66.39583333333333,ITA-CJUS
588,2020-12-04,64.40416666666667,ITA-CJUS
589,2020-12-05,62.35416666666666,ITA-CJUS
590,2020-12-06,60.44583333333333,ITA-CJUS
591,2020-12-07,63.10416666666666,ITA-CJUS
592,2020-12-08,63.69166666666666,ITA-CJUS
593,2020-12-09,68.3625,ITA-CJUS
594,2020-12-10,61.57916666666667,ITA-CJUS
595,2020-12-11,60.67916666666667,ITA-CJUS
596,2020-12-12,65.87083333333334,ITA-CJUS
597,2020-12-13,58.84166666666667,ITA-CJUS
598,2020-12-14,61.50416666666666,ITA-CJUS
599,2020-12-15,66.44166666666666,ITA-CJUS
600,2020-12-16,62.3625,ITA-CJUS
601,2020-12-17,63.63333333333333,ITA-CJUS
602,2020-12-18,69.12083333333334,ITA-CJUS
603,2020-12-19,63.32083333333333,ITA-CJUS
604,2020-12-20,66.96249999999999,ITA-CJUS
605,2020-12-21,61.92916666666667,ITA-CJUS
606,2020-12-22,65.20416666666667,ITA-CJUS
607,2020-12-23,61.975,ITA-CJUS
608,2020-12-24,64.46666666666667,ITA-CJUS
609,2020-12-25,72.36666666666666,ITA-CJUS
610,2020-12-26,70.63333333333334,ITA-CJUS
611,2020-12-27,71.84166666666667,ITA-CJUS
612,2020-12-28,66.64583333333333,ITA-CJUS
613,2020-12-29,62.81666666666666,ITA-CJUS
614,2020-12-30,65.89999999999999,ITA-CJUS
615,2020-12-31,62.12608695652175,ITA-CJUS
616,2020-01-01,72.95,BEL-USBV
617,2020-01-02,67.62608695652175,BEL-USBV
618,2020-01-03,64.64583333333333,BEL-USBV
619,2020-01-04,64.4875,BEL-USBV
620,2020-01-05,62.64583333333334,BEL-USBV
621,2020-01-06,62.23333333333333,BEL-USBV
622,2020-01-07,60.91666666666666,BEL-USBV
623,2020-01-08,59.54166666666666,BEL-USBV
624,2020-01-09,59.375,BEL-USBV
625,2020-01-10,58.17083333333333,BEL-USBV
626,2020-01-11,49.3125,BEL-USBV
627,2020-01-12,54.96666666666667,BEL-USBV
628,2020-01-13,58.79166666666666,BEL-USBV
629,2020-01-14,59.95833333333334,BEL-USBV
630,2020-01-15,66.91666666666667,BEL-USBV
631,2020-01-16,56.6,BEL-USBV
632,2020-01-17,53.9375,BEL-USBV
633,2020-01-18,51.625,BEL-USBV
634,2020-01-19,53.78333333333333,BEL-USBV
635,2020-01-20,69.90416666666667,BEL-USBV
636,2020-01-21,72.50833333333334,BEL-USBV
637,2020-01-22,78.45416666666667,BEL-USBV
638,2020-01-23,68.675,BEL-USBV
639,2020-01-24,70.94583333333334,BEL-USBV
640,2020-01-25,64.04583333333333,BEL-USBV
641,2020-01-26,66.22916666666667,BEL-USBV
642,2020-01-27,69.14166666666667,BEL-USBV
643,2020-01-28,73.125,BEL-USBV
644,2020-01-29,64.4375,BEL-USBV
645,2020-01-30,63.57916666666667,BEL-USBV
646,2020-01-31,59.5,BEL-USBV
647,2020-02-01,62.46666666666667,BEL-USBV
648,2020-02-02,73.80416666666666,BEL-USBV
649,2020-02-03,59.20416666666667,BEL-USBV
650,2020-02-04,59.56521739130435,BEL-USBV
651,2020-02-05,56.2625,BEL-USBV
652,2020-02-06,52.425,BEL-USBV
653,2020-02-07,61.8875,BEL-USBV
654,2020-02-08,59.73333333333333,BEL-USBV
655,2020-02-09,58.7,BEL-USBV
656,2020-02-10,57.70833333333334,BEL-USBV
657,2020-02-11,52.775,BEL-USBV
658,2020-02-12,55.22916666666666,BEL-USBV
659,2020-02-13,61.36666666666667,BEL-USBV
660,2020-02-14,66.04166666666667,BEL-USBV
661,2020-02-15,63.80416666666667,BEL-USBV
662,2020-02-16,59.6875,BEL-USBV
663,2020-02-17,59.64166666666667,BEL-USBV
664,2020-02-18,49.10416666666666,BEL-USBV
665,2020-02-19,52.67916666666667,BEL-USBV
666,2020-02-20,60.90416666666667,BEL-USBV
667,2020-02-21,70.15833333333333,BEL-USBV
668,2020-02-22,74.3125,BEL-USBV
669,2020-02-23,69.60000000000001,BEL-USBV
670,2020-02-24,69.14999999999999,BEL-USBV
671,2020-02-25,64.325,BEL-USBV
672,2020-02-26,60.96666666666667,BEL-USBV
673,2020-02-27,63.98333333333333,BEL-USBV
674,2020-02-28,60.175,BEL-USBV
675,2020-02-29,65.59565217391305,BEL-USBV
676,2020-03-01,64.74583333333334,BEL-USBV
677,2020-03-02,65.18333333333334,BEL-USBV
678,2020-03-03,61.44583333333333,BEL-USBV
679,2020-03-04,66.71249999999999,BEL-USBV
680,2020-03-05,57.64583333333334,BEL-USBV
681,2020-03-06,59.125,BEL-USBV
682,2020-03-07,62.39583333333334,BEL-USBV
683,2020-03-08,65.96249999999999,BEL-USBV
684,2020-03-09,62.75416666666666,BEL-USBV
685,2020-03-10,72.09166666666667,BEL-USBV
686,2020-03-11,73.45833333333333,BEL-USBV
687,2020-03-12,70.17916666666666,BEL-USBV
688,2020-03-13,67.3125,BEL-USBV
689,2020-03-14,64.60000000000001,BEL-USBV
690,2020-03-15,61.21250000000001,BEL-USBV
691,2020-03-16,56.97916666666666,BEL-USBV
692,2020-03-17,55.62083333333334,BEL-USBV
693,2020-03-18,57.0625,BEL-USBV
694,2020-03-19,61.01666666666667,BEL-USBV
695,2020-03-20,71.75416666666666,BEL-USBV
696,2020-03-21,68.97916666666667,BEL-USBV
697,2020-03-22,62.92083333333333,BEL-USBV
698,2020-03-23,63.6875,BEL-USBV
699,2020-03-24,69.20416666666667,BEL-USBV
700,2020-03-25,60.8125,BEL-USBV
701,2020-03-26,61.5,BEL-USBV
702,2020-03-27,58.9125,BEL-USBV
703,2020-03-28,58.6625,BEL-USBV
704,2020-03-29,65.21666666666667,BEL-USBV
705,2020-03-30,69.02083333333333,BEL-USBV
706,2020-03-31,69.85652173913044,BEL-USBV
707,2020-04-01,74.35000000000001,BEL-USBV
708,2020-04-02,64.12916666666666,BEL-USBV
709,2020-04-03,63.45,BEL-USBV
710,2020-04-04,65.19583333333334,BEL-USBV
711,2020-04-05,69.42083333333333,BEL-USBV
712,2020-04-06,66.0125,BEL-USBV
713,2020-04-07,59.75416666666666,BEL-USBV
714,2020-04-08,61.44166666666666,BEL-USBV
715,2020-04-09,68.08749999999999,BEL-USBV
716,2020-04-10,70.80833333333334,BEL-USBV
717,2020-04-11,69.92083333333333,BEL-USBV
718,2020-04-12,66.1375,BEL-USBV
719,2020-04-13,69.95,BEL-USBV
720,2020-04-14,71.08333333333333,BEL-USBV
721,2020-04-15,66.52083333333333,BEL-USBV
722,2020-04-16,62.35833333333333,BEL-USBV
723,2020-04-17,63.36666666666667,BEL-USBV
724,2020-04-18,70.85000000000001,BEL-USBV
725,2020-04-19,75.39583333333333,BEL-USBV
726,2020-04-20,66.3125,BEL-USBV
727,2020-04-21,73.28750000000001,BEL-USBV
728,2020-04-22,68.14583333333333,BEL-USBV
729,2020-04-23,71.52916666666667,BEL-USBV
730,2020-04-24,71.35000000000001,BEL-USBV
731,2020-04-25,65.06666666666666,BEL-USBV
732,2020-04-26,59.875,BEL-USBV
733,2020-04-27,63.52916666666667,BEL-USBV
734,2020-04-28,64.49583333333334,BEL-USBV
735,2020-04-29,70.26666666666667,BEL-USBV
736,2020-04-30,74.78695652173913,BEL-USBV
737,2020-05-01,72.21666666666667,BEL-USBV
738,2020-05-02,66.70833333333333,BEL-USBV
739,2020-05-03,68.98333333333333,BEL-USBV
740,2020-05-04,64.68333333333334,BEL-USBV
741,2020-05-05,63.05833333333334,BEL-USBV
742,2020-05-06,63.725,BEL-USBV
743,2020-05-07,64.05,BEL-USBV
744,2020-05-08,61.1375,BEL-USBV
745,2020-05-09,55.95416666666667,BEL-USBV
746,2020-05-10,60.425,BEL-USBV
747,2020-05-11,68.79166666666667,BEL-USBV
748,2020-05-12,64.99166666666666,BEL-USBV
749,2020-05-13,64.28333333333333,BEL-USBV
750,2020-05-14,63.8125,BEL-USBV
751,2020-05-15,65.48333333333333,BEL-USBV
752,2020-05-16,62.32916666666667,BEL-USBV
753,2020-05-17,68.51666666666667,BEL-USBV
754,2020-05-18,55.70416666666667,BEL-USBV
755,2020-05-19,82.04583333333333,BEL-USBV
756,2020-05-20,62.82083333333333,BEL-USBV
757,2020-05-21,60.20833333333334,BEL-USBV
758,2020-05-22,64.8125,BEL-USBV
759,2020-05-23,62.98333333333333,BEL-USBV
760,2020-05-24,59.84166666666667,BEL-USBV
761,2020-05-25,58.45416666666666,BEL-USBV
762,2020-05-26,56.76666666666667,BEL-USBV
763,2020-05-27,73.79166666666667,BEL-USBV
764,2020-05-28,80.10416666666667,BEL-USBV
765,2020-05-29,78.35000000000001,BEL-USBV
766,2020-05-30,82.80416666666666,BEL-USBV
767,2020-05-31,78.45217391304348,BEL-USBV
768,2020-06-01,71.33478260869565,BEL-USBV
769,2020-06-02,71.8875,BEL-USBV
770,2020-06-03,84.79583333333333,BEL-USBV
771,2020-06-04,63.85,BEL-USBV
772,2020-06-05,66.61666666666666,BEL-USBV
773,2020-06-06,73.2,BEL-USBV
774,2020-06-07,61.4875,BEL-USBV
775,2020-06-08,62.625,BEL-USBV
776,2020-06-09,72.83181818181818,BEL-USBV
777,2020-06-10,80.24166666666666,BEL-USBV
778,2020-06-11,72.93333333333334,BEL-USBV
779,2020-06-12,77.08749999999999,BEL-USBV
780,2020-06-13,67.71666666666667,BEL-USBV
781,2020-06-14,67.60833333333333,BEL-USBV
782,2020-06-15,74.9375,BEL-USBV
783,2020-06-16,66.67916666666666,BEL-USBV
784,2020-06-17,79.22916666666667,BEL-USBV
785,2020-06-18,72.89166666666667,BEL-USBV
786,2020-06-19,68.29166666666667,BEL-USBV
787,2020-06-20,71.41250000000001,BEL-USBV
788,2020-06-21,63.17083333333333,BEL-USBV
789,2020-06-22,68.17083333333333,BEL-USBV
790,2020-06-23,63.05833333333334,BEL-USBV
791,2020-06-24,65.27499999999999,BEL-USBV
792,2020-06-25,62.0,BEL-USBV
793,2020-06-26,73.13333333333334,BEL-USBV
794,2020-06-27,72.46666666666667,BEL-USBV
795,2020-06-28,76.52499999999999,BEL-USBV
796,2020-06-29,65.97916666666667,BEL-USBV
797,2020-06-30,66.50434782608696,BEL-USBV
798,2020-07-01,71.7909090909091,BEL-USBV
799,2020-07-02,71.63333333333334,BEL-USBV
800,2020-07-03,68.41666666666667,BEL-USBV
801,2020-07-04,77.4375,BEL-USBV
802,2020-07-05,76.51666666666667,BEL-USBV
803,2020-07-06,72.06666666666668,BEL-USBV
804,2020-07-07,74.49583333333334,BEL-USBV
805,2020-07-08,75.0875,BEL-USBV
806,2020-07-09,69.7625,BEL-USBV
807,2020-07-10,68.375,BEL-USBV
808,2020-07-11,75.80833333333334,BEL-USBV
809,2020-07-12,75.6875,BEL-USBV
810,2020-07-13,64.87083333333334,BEL-USBV
811,2020-07-14,64.17083333333333,BEL-USBV
812,2020-07-15,66.84166666666667,BEL-USBV
813,2020-07-16,61.4,BEL-USBV
814,2020-07-17,59.725,BEL-USBV
815,2020-07-18,59.78333333333333,BEL-USBV
816,2020-07-19,59.8125,BEL-USBV
817,2020-07-20,64.32916666666667,BEL-USBV
818,2020-07-21,70.49166666666666,BEL-USBV
819,2020-07-22,73.25416666666666,BEL-USBV
820,2020-07-23,80.99166666666666,BEL-USBV
821,2020-07-24,82.075,BEL-USBV
822,2020-07-25,78.87916666666666,BEL-USBV
823,2020-07-26,68.25416666666666,BEL-USBV
824,2020-07-27,68.04166666666667,BEL-USBV
825,2020-07-28,65.0625,BEL-USBV
826,2020-07-29,60.61666666666667,BEL-USBV
827,2020-07-30,70.29166666666667,BEL-USBV
828,2020-08-01,57.35833333333333,BEL-USBV
829,2020-08-02,47.425,BEL-USBV
830,2020-08-03,51.09166666666667,BEL-USBV
831,2020-08-04,52.225,BEL-USBV
832,2020-08-05,58.2375,BEL-USBV
833,2020-08-06,63.17083333333333,BEL-USBV
834,2020-08-07,59.15833333333333,BEL-USBV
835,2020-08-08,53.7,BEL-USBV
836,2020-08-09,52.54583333333333,BEL-USBV
837,2020-08-10,57.275,BEL-USBV
838,2020-08-11,65.37083333333334,BEL-USBV
839,2020-08-12,65.78750000000001,BEL-USBV
840,2020-08-13,70.47500000000001,BEL-USBV
841,2020-08-14,71.18181818181819,BEL-USBV
842,2020-08-15,71.35833333333333,BEL-USBV
843,2020-08-16,74.50833333333334,BEL-USBV
844,2020-08-17,75.38333333333334,BEL-USBV
845,2020-08-18,68.51666666666667,BEL-USBV
846,2020-08-19,74.46666666666667,BEL-USBV
847,2020-08-20,71.175,BEL-USBV
848,2020-08-21,69.3375,BEL-USBV
849,2020-08-22,76.65416666666667,BEL-USBV
850,2020-08-23,73.31666666666666,BEL-USBV
851,2020-08-24,75.3125,BEL-USBV
852,2020-08-25,74.42916666666666,BEL-USBV
853,2020-08-26,76.8,BEL-USBV
854,2020-08-27,74.64583333333333,BEL-USBV
855,2020-08-28,65.91250000000001,BEL-USBV
856,2020-08-29,65.94583333333334,BEL-USBV
857,2020-08-30,70.05,BEL-USBV
858,2020-08-31,71.34782608695652,BEL-USBV
859,2020-09-01,75.52499999999999,BEL-USBV
860,2020-09-02,77.22173913043478,BEL-USBV
861,2020-09-03,78.76666666666667,BEL-USBV
862,2020-09-04,72.22083333333333,BEL-USBV
863,2020-09-05,63.7,BEL-USBV
864,2020-09-06,68.12916666666666,BEL-USBV
865,2020-09-07,72.96249999999999,BEL-USBV
866,2020-09-08,78.87916666666666,BEL-USBV
867,2020-09-09,69.6375,BEL-USBV
868,2020-09-10,68.30833333333334,BEL-USBV
869,2020-09-11,67.275,BEL-USBV
870,2020-09-12,73.35416666666667,BEL-USBV
871,2020-09-13,65.08333333333333,BEL-USBV
872,2020-09-14,62.425,BEL-USBV
873,2020-09-15,69.375,BEL-USBV
874,2020-09-16,73.2,BEL-USBV
875,2020-09-17,73.35000000000001,BEL-USBV
876,2020-09-18,77.27083333333333,BEL-USBV
877,2020-09-19,74.47500000000001,BEL-USBV
878,2020-09-20,80.07083333333334,BEL-USBV
879,2020-09-21,73.4,BEL-USBV
880,2020-09-22,65.05833333333334,BEL-USBV
881,2020-09-23,66.43333333333334,BEL-USBV
882,2020-09-24,64.58749999999999,BEL-USBV
883,2020-09-25,62.4125,BEL-USBV
884,2020-09-26,71.89999999999999,BEL-USBV
885,2020-09-27,68.25833333333334,BEL-USBV
886,2020-09-28,65.60416666666667,BEL-USBV
887,2020-09-29,68.38333333333334,BEL-USBV
888,2020-09-30,69.66521739130435,BEL-USBV
889,2020-10-01,64.22500000000001,BEL-USBV
890,2020-10-02,71.4,BEL-USBV
891,2020-10-03,77.79583333333333,BEL-USBV
892,2020-10-04,74.625,BEL-USBV
893,2020-10-05,74.58749999999999,BEL-USBV
894,2020-10-06,72.44166666666666,BEL-USBV
895,2020-10-07,68.64166666666667,BEL-USBV
896,2020-10-08,65.90833333333333,BEL-USBV
897,2020-10-09,64.83749999999999,BEL-USBV
898,2020-10-10,60.8,BEL-USBV
899,2020-10-11,56.90416666666667,BEL-USBV
900,2020-10-12,66.56666666666666,BEL-USBV
901,2020-10-13,77.35833333333333,BEL-USBV
902,2020-10-14,69.64999999999999,BEL-USBV
903,2020-10-15,67.62916666666666,BEL-USBV
904,2020-10-16,65.60416666666667,BEL-USBV
905,2020-10-17,62.875,BEL-USBV
906,2020-10-18,70.6125,BEL-USBV
907,2020-10-19,74.14999999999999,BEL-USBV
908,2020-10-20,68.30416666666666,BEL-USBV
909,2020-10-21,66.61666666666666,BEL-USBV
910,2020-10-22,68.22916666666667,BEL-USBV
911,2020-10-23,65.19583333333334,BEL-USBV
912,2020-10-24,79.56666666666666,BEL-USBV
913,2020-10-25,76.09166666666667,BEL-USBV
914,2020-10-26,68.16666666666667,BEL-USBV
915,2020-10-27,71.91666666666667,BEL-USBV
916,2020-10-28,71.19583333333334,BEL-USBV
917,2020-10-29,75.76666666666667,BEL-USBV
918,2020-10-30,75.32083333333334,BEL-USBV
919,2020-10-31,77.61739130434783,BEL-USBV
920,2020-11-01,75.64583333333333,BEL-USBV
921,2020-11-02,67.2625,BEL-USBV
922,2020-11-03,72.4391304347826,BEL-USBV
923,2020-11-04,72.2375,BEL-USBV
924,2020-11-05,74.99583333333334,BEL-USBV
925,2020-11-06,79.38333333333334,BEL-USBV
926,2020-11-07,72.04583333333333,BEL-USBV
927,2020-11-08,75.49090909090908,BEL-USBV
928,2020-11-09,78.03333333333333,BEL-USBV
929,2020-11-10,74.59166666666667,BEL-USBV
930,2020-11-11,82.6125,BEL-USBV
931,2020-11-12,78.40416666666667,BEL-USBV
932,2020-11-13,76.1875,BEL-USBV
933,2020-11-14,73.5125,BEL-USBV
934,2020-11-15,71.97916666666667,BEL-USBV
935,2020-11-16,73.70833333333333,BEL-USBV
936,2020-11-17,80.44166666666666,BEL-USBV
937,2020-11-18,76.4875,BEL-USBV
938,2020-11-19,73.89583333333333,BEL-USBV
939,2020-11-20,74.61666666666666,BEL-USBV
940,2020-11-21,74.44583333333334,BEL-USBV
941,2020-11-22,70.85833333333333,BEL-USBV
942,2020-11-23,69.74583333333332,BEL-USBV
943,2020-11-24,70.67916666666666,BEL-USBV
944,2020-11-25,69.80416666666666,BEL-USBV
945,2020-11-26,69.18333333333334,BEL-USBV
946,2020-11-27,71.88333333333334,BEL-USBV
947,2020-11-28,77.00833333333334,BEL-USBV
948,2020-11-29,71.425,BEL-USBV
949,2020-11-30,77.73913043478261,BEL-USBV
950,2020-12-01,71.83333333333333,BEL-USBV
951,2020-12-02,78.325,BEL-USBV
952,2020-12-03,69.36363636363636,BEL-USBV
953,2020-12-04,71.62173913043478,BEL-USBV
954,2020-12-05,69.91666666666667,BEL-USBV
955,2020-12-06,69.375,BEL-USBV
956,2020-12-07,73.65416666666667,BEL-USBV
957,2020-12-08,70.66666666666667,BEL-USBV
958,2020-12-09,73.23333333333333,BEL-USBV
959,2020-12-10,66.16666666666667,BEL-USBV
960,2020-12-11,67.2625,BEL-USBV
961,2020-12-12,72.79166666666667,BEL-USBV
962,2020-12-13,68.95,BEL-USBV
963,2020-12-14,68.62083333333334,BEL-USBV
964,2020-12-15,69.86666666666666,BEL-USBV
965,2020-12-16,69.0125,BEL-USBV
966,2020-12-17,72.28750000000001,BEL-USBV
967,2020-12-18,76.85833333333333,BEL-USBV
968,2020-12-19,68.83749999999999,BEL-USBV
969,2020-12-20,74.21666666666667,BEL-USBV
970,2020-12-21,72.45833333333333,BEL-USBV
971,2020-12-22,72.43333333333334,BEL-USBV
972,2020-12-23,67.45,BEL-USBV
973,2020-12-24,67.83749999999999,BEL-USBV
974,2020-12-25,73.34583333333333,BEL-USBV
975,2020-12-26,73.12083333333334,BEL-USBV
976,2020-12-27,78.66666666666667,BEL-USBV
977,2020-12-28,66.16363636363636,BEL-USBV
978,2020-12-29,65.7625,BEL-USBV
979,2020-12-30,67.27083333333333,BEL-USBV
980,2020-12-31,64.95652173913044,BEL-USBV
